<?xml version="1.0" encoding="UTF-8"?>
<extension type="module" version="3.0" client="site">
  <name>Deallizer Simple Image Holder</name>
  <author>Pavlo Cherniavskyi</author>
  <creationDate>August 2015</creationDate>
  <copyright>Copyright 2015 (c) http://deallizer.com</copyright>
  <license>GNU/GPLv3 http://www.gnu.org/licenses/gpl-3.0.html</license>
  <authorEmail>ionafan2@deallizer.com</authorEmail>
  <authorURL>http://deallizer.com</authorURL>
  <version>0.1.0</version>
  <description>
    <![CDATA[ This Module was made to make it possible to add simple image with link to one of menu item ]]>
  </description>
  <files>
      <filename>mod_deallizer_simple_image_holder.xml</filename>
      <filename>index.html</filename>
      <filename module="mod_deallizer_simple_image_holder">mod_deallizer_simple_image_holder.php</filename>
      <folder>tmpl</folder>
  </files>
  <config>
    <fields name="params">
      <fieldset name="basic">
          <field name="image" type="media" directory="stories" label="Choose the Image" description="Choose the Image from media library" />
          <field name="menuitem" type="menuitem" default="" label="Select a menu item" description="Select a menu item for link" />
          <field name="link-css" type="text" default="" label="Additional css classes for link" description="Additional css classes" />
          <field name="img-css" type="text" default="" label="Additional css classes for image" description="Additional css classes" />
          <field name="alt" type="text" default="Image from module" label="Image atl attribute" description="The required alt attribute specifies an alternate text for an image, if the image cannot be displayed. The alt attribute provides alternative information for an image if a user for some reason cannot view it (because of slow connection, an error in the src attribute, or if the user uses a screen reader)." />
      </fieldset>
      <fieldset name="advanced">
        <field
                name="cache"
                type="list"
                default="1"
                label="Caching"
                description="COM_MODULES_FIELD_CACHING_DESC">
          <option value="1">JGLOBAL_USE_GLOBAL</option>
          <option value="0">COM_MODULES_FIELD_VALUE_NOCACHING</option>
        </field>
        <field
                name="cache_time"
                type="text"
                default="900"
                label="Cache time"
                description="COM_MODULES_FIELD_CACHE_TIME_DESC"
                />
        <field
                name="cachemode"
                type="hidden"
                default="itemid">
          <option value="itemid"></option>
        </field>
      </fieldset>
    </fields>
  </config>
</extension>